﻿pos_x,pos_y,rotation,side,designator,mpn,pack,footprint,value,mount_type
159.7,-111.9,90.0,top,C1,,,C_0805_2012Metric,4u7,smt
165.194169,-111.938228,-90.0,top,C10,,,C_0805_2012Metric,4u7,smt
169.444169,-109.188228,180.0,top,C11,,,C_0603_1608Metric,1u,smt
184.5,-99.0,-90.0,top,C12,,,C_0805_2012Metric,4u7,smt
181.5,-113.25,180.0,top,C13,,,C_0603_1608Metric,1u,smt
157.5,-111.7,90.0,top,C2,,,C_0603_1608Metric,1u,smt
158.9,-107.4,180.0,top,C3,,,C_0603_1608Metric,1u,smt
184.25,-71.75,-90.0,top,C4,,,C_0603_1608Metric,1u,smt
105.5,-71.75,-90.0,top,C5,,,C_0603_1608Metric,1u,smt
129.3,-57.4,90.0,top,C6,,,C_0603_1608Metric,1u,smt
136.478586,-57.499999,-90.0,top,C7,,,C_0805_2012Metric,4u7,smt
186.1,-92.5,90.0,top,C8,,,C_0805_2012Metric,4u7,smt
183.0,-89.75,180.0,top,C9,,,C_0805_2012Metric,4u7,smt
114.5,-89.1,-90.0,top,D1,"BZA408B,125",,SOT95P275X110-6N,"BZA408B,125",smt
166.675,-87.75,180.0,top,D2,,,LED_0805_2012Metric,LED_WHITE,smt
166.675,-92.5,180.0,top,D3,,,LED_0805_2012Metric,LED_GREEN,smt
166.675,-97.25,180.0,top,D4,,,LED_0805_2012Metric,LED_RED,smt
100.685142,-82.743251,0.0,top,DNP1,,,PinHeader_1x06_P2.54mm_Vertical,UART-PROG,tht
141.11,-56.11,-90.0,bottom,DNP2,,,PinHeader_2x04_P2.54mm_Vertical,EpapConn,tht
183.426963,-117.201963,90.0,top,DNP3,,,PinHeader_1x02_P2.54mm_Vertical,PPK2,tht
101.52666,-104.62991,-90.0,top,J1,USB4105-GF-A-120,,USB_C_Receptacle_GCT_USB4105-xx-A_16P_TopMnt_Horizontal,USB_C_Receptacle_USB2.0_16P,smt
110.92,-138.98,0.0,top,J2,,,BAT_18650Custom,~,tht
158.887216,-103.681645,180.0,top,R1,,,R_0603_1608Metric,10k,smt
109.310912,-90.351963,0.0,top,R10,,,R_0603_1608Metric,22,smt
109.3,-87.8,0.0,top,R11,,,R_0603_1608Metric,22,smt
107.893931,-100.897679,90.0,top,R12,,,R_0603_1608Metric,5k1,smt
109.315454,-85.286502,0.0,top,R13,,,R_0603_1608Metric,22,smt
184.75,-113.25,180.0,top,R14,,,R_0603_1608Metric,330,smt
181.6,-105.6,180.0,top,R15,,,R_0603_1608Metric,2k7,smt
182.0,-99.0,-90.0,top,R16,,,R_0603_1608Metric,1k,smt
179.6,-99.0,-90.0,top,R17,,,R_0603_1608Metric,10k,smt
170.175,-87.75,180.0,top,R18,,,R_0603_1608Metric,330,smt
170.175,-92.5,180.0,top,R19,,,R_0603_1608Metric,330,smt
132.1,-107.9,0.0,top,R2,,,R_0603_1608Metric,10k,smt
170.175,-97.25,180.0,top,R20,,,R_0603_1608Metric,330,smt
102.080217,-117.98326,0.0,top,R21,,,R_0603_1608Metric,100k,smt
107.080217,-117.98326,0.0,top,R22,,,R_0603_1608Metric,100k,smt
158.9,-109.1,180.0,top,R3,,,R_0603_1608Metric,10k,smt
158.9,-101.9,180.0,top,R4,,,R_0603_1608Metric,10k,smt
132.066802,-98.888524,180.0,top,R5,,,R_0603_1608Metric,10k,smt
111.251779,-102.856684,180.0,top,R6,,,R_1206_3216Metric_Pad1.30x1.75mm_HandSolder,33,smt
111.251779,-105.356684,180.0,top,R7,,,R_1206_3216Metric_Pad1.30x1.75mm_HandSolder,33,smt
109.3,-92.9,0.0,top,R8,,,R_0603_1608Metric,22,smt
107.9,-107.2,-90.0,top,R9,,,R_0603_1608Metric,5k1,smt
186.3,-124.9,180.0,top,RT1,NCU03XH103F60RL,,THRMC0603X33N,NCU03XH103F60RL,smt
180.9703,-72.6697,90.0,top,S1,PB400OAQX,,PB400OAQX,PB400OAQX,tht
114.77,-72.67,90.0,top,S2,PB400OAQX,,PB400OAQX,PB400OAQX,tht
164.92,-57.385,180.0,top,S3,TS20-42-25-WT-160-SMT-TR,,TS204225WT160SMTTR,ENABLE,smt
124.92,-57.385,180.0,top,S4,TS20-42-25-WT-160-SMT-TR,,TS204225WT160SMTTR,BOOT,smt
143.96,-104.7,180.0,top,U1,ESP32-C3-WROOM-02-N4,,ESP32C3WROOM02N4,ESP32-C3-WROOM-02-N4,smt
168.694169,-111.963228,0.0,top,U2,TPS78533BQWDRBRQ1,,SON65P300X300X100-9N-D,TPS78533BQWDRBRQ1,smt
182.075,-109.15,0.0,top,U3,AP9211SA-AA-HAC-7,,AP9211SAAAHAC7,AP9211SA-AA-HAC-7,smt
182.075,-94.15,-90.0,top,U4,MCP73871T-1CCI/ML,,QFN50P400X400X100-21N-D,MCP73871T-1CCI_ML,smt
116.343729,-104.14361,0.0,top,U5,,,SOT-23-6,USBLC6-2SC6,smt
105.0,-115.3,180.0,top,U6,LM321LVIDBVR,,SOT95P280X145-5N,LM321LVIDBVR,smt
