﻿Designator,Quantity,Value,Footprint,Package,MPN,DNP,Mount_Type,Description,Height,Mouser Part Number,Mouser Price/Stock,Manufacturer_Name,Sim.Pins
"C1, C10, C12, C7, C8, C9",6,4u7,C_0805_2012Metric,,,,smt,Unpolarized capacitor,,,,,
"C11, C13, C2, C3, C4, C5, C6",7,1u,C_0603_1608Metric,,,,smt,Unpolarized capacitor,,,,,
D1,1,"BZA408B,125",SOT95P275X110-6N,,"BZA408B,125",,smt,BZA408B - Quadruple bidirectional ESD transient voltage suppressor,1.1,"771-BZA408B,125",https://www.mouser.co.uk/ProductDetail/Nexperia/BZA408B125?qs=mSipnS5lFm9w4UlGdFtDOg%3D%3D,Nexperia,
D2,1,LED_WHITE,LED_0805_2012Metric,,,,smt,Light emitting diode,,,,,1=K 2=A
D3,1,LED_GREEN,LED_0805_2012Metric,,,,smt,Light emitting diode,,,,,1=K 2=A
D4,1,LED_RED,LED_0805_2012Metric,,,,smt,Light emitting diode,,,,,1=K 2=A
DNP1,1,UART-PROG,PinHeader_1x06_P2.54mm_Vertical,,,,tht,"Generic connector, single row, 01x06, script generated (kicad-library-utils/schlib/autogen/connector/)",,,,,
DNP2,1,EpapConn,PinHeader_2x04_P2.54mm_Vertical,,,,tht,"Generic connector, double row, 02x04, odd/even pin numbering scheme (row 1 odd numbers, row 2 even numbers), script generated (kicad-library-utils/schlib/autogen/connector/)",,,,,
DNP3,1,PPK2,PinHeader_1x02_P2.54mm_Vertical,,,,tht,"Generic connector, single row, 01x02, script generated (kicad-library-utils/schlib/autogen/connector/)",,,,,
J1,1,USB_C_Receptacle_USB2.0_16P,USB_C_Receptacle_GCT_USB4105-xx-A_16P_TopMnt_Horizontal,,USB4105-GF-A-120,,smt,USB 2.0-only 16P Type-C Receptacle connector,,640-USB4105-GF-A-120,https://www.mouser.de/ProductDetail/GCT/USB4105-GF-A-120?qs=QNEnbhJQKva%252Bjxw%2FpEjDhQ%3D%3D,GCT,
"R1, R17, R2, R3, R4, R5",6,10k,R_0603_1608Metric,,,,smt,Resistor,,,,,
"R10, R11, R13, R8",4,22,R_0603_1608Metric,,,,smt,Resistor,,,,,
"R12, R9",2,5k1,R_0603_1608Metric,,,,smt,Resistor,,,,,
"R14, R18, R19, R20",4,330,R_0603_1608Metric,,,,smt,Resistor,,,,,
R15,1,2k7,R_0603_1608Metric,,,,smt,Resistor,,,,,
R16,1,1k,R_0603_1608Metric,,,,smt,Resistor,,,,,
"R21, R22",2,100k,R_0603_1608Metric,,,,smt,Resistor,,,,,
"R6, R7",2,33,R_1206_3216Metric_Pad1.30x1.75mm_HandSolder,,,,smt,Resistor,,,,,
RT1,1,NCU03XH103F60RL,THRMC0603X33N,,NCU03XH103F60RL,,smt,"06*0.3mm,10kohm+/-1%",0.33,81-NCU03XH103F60RL,https://www.mouser.co.uk/ProductDetail/Murata-Electronics/NCU03XH103F60RL?qs=%252BHhoWzUJg4KdBOJhVYX8QA%3D%3D,Murata Electronics,
"S1, S2",2,PB400OAQX,PB400OAQX,,PB400OAQX,,tht,"PUSHBUTTON, 3A, 30VDC DPST, Off-(On) Through Hole, Right Angle",10.2,612-PB400OAQX,https://www.mouser.co.uk/ProductDetail/E-Switch/PB400OAQX?qs=f9yNj16SXrKerqf75a7tmQ%3D%3D,E-Switch,
S3,1,ENABLE,TS204225WT160SMTTR,,TS20-42-25-WT-160-SMT-TR,,smt,"4.2 x 3.2 mm, 2.5 mm Actuator Height, 160 gf, White, Surface Mount, TR, SPST, Tactile Switch",2.7,179-TS204225WT160SMT,https://www.mouser.co.uk/ProductDetail/CUI-Devices/TS20-42-25-WT-160-SMT-TR?qs=tlsG%2FOw5FFiXbig16X7ymQ%3D%3D,Same Sky,
S4,1,BOOT,TS204225WT160SMTTR,,TS20-42-25-WT-160-SMT-TR,,smt,"4.2 x 3.2 mm, 2.5 mm Actuator Height, 160 gf, White, Surface Mount, TR, SPST, Tactile Switch",2.7,179-TS204225WT160SMT,https://www.mouser.co.uk/ProductDetail/CUI-Devices/TS20-42-25-WT-160-SMT-TR?qs=tlsG%2FOw5FFiXbig16X7ymQ%3D%3D,Same Sky,
U1,1,ESP32-C3-WROOM-02-N4,ESP32C3WROOM02N4,,ESP32-C3-WROOM-02-N4,,smt,"WiFi Modules (802.11) (Engineering Samples) SMD module, ESP32-C3, 4MB SPI flash, PCB antenna, -40 C +85 C",3.35,356-ESP32C3WROOM02N4,https://www.mouser.co.uk/ProductDetail/Espressif-Systems/ESP32-C3-WROOM-02-N4?qs=stqOd1AaK7%2FqjTZKEOgfUg%3D%3D,Espressif Systems,
U2,1,TPS78533BQWDRBRQ1,SON65P300X300X100-9N-D,,TPS78533BQWDRBRQ1,,smt,"LDO Voltage Regulators Automotive, 1-A, high-accuracy, adjustable low-dropout (LDO) linear regulator",1,595-PS78533BQWDRBRQ1,https://www.mouser.co.uk/ProductDetail/Texas-Instruments/TPS78533BQWDRBRQ1?qs=Li%252BoUPsLEnu84Yv5GHFA0A%3D%3D,Texas Instruments,
U3,1,AP9211SA-AA-HAC-7,AP9211SAAAHAC7,,AP9211SA-AA-HAC-7,,smt,Battery Management Multicell Batt MGR PMIC Protection Int,0.6,621-AP9211SA-AA-HAC7,https://www.mouser.co.uk/ProductDetail/Diodes-Incorporated/AP9211SA-AA-HAC-7?qs=IL6XaBr%252B7X%252B5h7Dir%2FxYKA%3D%3D,Diodes Incorporated,
U4,1,MCP73871T-1CCI_ML,QFN50P400X400X100-21N-D,,MCP73871T-1CCI/ML,,smt,Battery Management USB/AC Battery Charger w/Pwr Mgmt,1,579-MCP73871T1CCIML,https://www.mouser.co.uk/ProductDetail/Microchip-Technology/MCP73871T-1CCI-ML?qs=wd5RIQLrsJh18yIDtNz2uw%3D%3D,Microchip,
U5,1,USBLC6-2SC6,SOT-23-6,,,,smt,"Very low capacitance ESD protection diode, 2 data-line, SOT-23-6",,,,,
U6,1,LM321LVIDBVR,SOT95P280X145-5N,,LM321LVIDBVR,,smt,1-Channel Industry Standard Low Voltage Operational Amplifier,1.45,595-LM321LVIDBVR,https://www.mouser.co.uk/ProductDetail/Texas-Instruments/LM321LVIDBVR?qs=qSfuJ%252Bfl%2Fd66sZ569ResAQ%3D%3D,Texas Instruments,
